1,Luna LLC Field,808830,Lake Laurenview
2,Conley-Parker Arena,765080,South Rachelland
3,Martin-Boyd Park,484770,South Karenville
4,Becker Monroe and Thomas Stadium,655550,North Matthewmouth
5,Watts Sherman and Odonnell Arena,706760,Jenniferport
6,Meyer-Branch Stadium,48290,Johnstad
7,Rivas-Moreno Field,827140,Port Todd
8,Hawkins-Brewer Park,364100,South Mistytown
9,Wolf and Sons Stadium,426900,East Luisside
10,Christian-Atkinson Park,707250,Lake Christinemouth
11,Richards Group Arena,532170,Joneston
12,Patterson Palmer and Jones Field,678480,Robertberg
13,Mitchell Watson and Campbell Field,50180,Martintown
14,Kennedy Stephens and Morris Arena,932560,Lynnberg
15,Mejia Grant and Harris Field,215400,West Amy
16,Mcdowell-Garrison Arena,864910,Ginastad
17,Doyle-Ball Arena,488920,North Brooke
18,White Group Arena,255910,Christophermouth
19,Perry Spencer and Chase Stadium,594300,Candacemouth
20,Jones Ltd Arena,850380,North Wendyborough
21,Watson Hardy and Sawyer Field,367460,Stewarttown
22,Jordan-Alvarado Park,604060,Gilmorechester
23,Wells Villanueva and Castillo Park,874150,Tamaraton
24,Cox-Johnson Field,761450,West Kylemouth
25,Wagner-Larsen Arena,446900,Port Kayla
26,Walton LLC Field,77080,Terryhaven
27,Chapman-Rivera Arena,726940,Lake Derrickshire
28,Clark Preston and Tucker Park,246030,East Devinfort
29,Levine Nguyen and Peterson Park,797520,South Sarashire
30,Rocha and Sons Field,800670,East Lauren
31,Davis Small and Daniels Stadium,160530,Scottview
32,Ochoa and Sons Park,479390,Greenchester
33,Davis-Cain Field,892560,East Wendy
34,Marshall Group Stadium,22150,Jessicaland
35,Pena-Ward Arena,604170,Fowlerstad
36,Jenkins and Sons Stadium,669780,Port Johnside
37,Kent Spencer and Diaz Field,567710,Kimberlymouth
38,Mcgee Chen and Torres Stadium,558450,West Teresa
39,Clarke Washington and Rodriguez Field,41730,Knightmouth
40,Jackson Hicks and Mcmahon Arena,412930,Port Danielbury
41,Choi Oconnell and Deleon Field,214590,North Krista
42,Flores Lewis and Stevens Park,593120,Joelport
43,Rasmussen-Payne Stadium,45120,Lake Meghan
44,Fleming PLC Park,316080,Richardsonshire
45,Cruz Jackson and Murphy Park,488560,New Samanthachester
46,Robinson Group Arena,563110,Alvaradoberg
47,Welch Brady and Hanson Stadium,345240,Moraberg
48,Weaver-Ross Field,668650,Rivasmouth
49,Davis Murillo and Saunders Park,522360,Smithview
50,Garcia-Rodriguez Park,464920,New Julie
51,Baker Inc Field,668810,Bobbystad
52,Rios Ramirez and Young Park,364620,Melissamouth
53,Arnold Wilson and Price Field,834770,North Sean
54,Roberts Inc Arena,432300,Henryfurt
55,Jones Allen and Richards Arena,924780,Valerieville
56,Townsend-Ellis Park,757700,Douglasberg
57,Wang-Clark Field,655460,East Todd
58,Winters Inc Stadium,817450,Keithmouth
59,Bishop-Ponce Stadium,562070,Lisafort
60,Smith Ltd Arena,866350,Port Valerie
61,Black-Owens Field,297070,East Jeffreymouth
62,Smith Stephens and Mitchell Arena,175430,Lake Ashley
63,Farmer West and Patton Arena,949490,Nicholsonmouth
64,Ford-Cole Arena,714100,Michaelville
65,Nguyen-Fowler Field,530370,Lake Michael
66,Reynolds PLC Park,14560,Lake Jessica
67,Fowler-Ford Field,590280,Lauriefurt
68,Colon Barnes and Moore Field,946530,West Philiphaven
69,Bush Harris and Greene Stadium,569580,Lake Crystal
70,White-Mathews Field,578140,East Charlesmouth
71,Perry Davis and Watson Stadium,877910,Lake Alanmouth
72,Wyatt Ltd Stadium,716720,Erikahaven
73,Cunningham-Cobb Arena,378080,Brandonbury
74,Davis PLC Stadium,66920,Lake Anthonymouth
75,Stafford Ortiz and Lopez Field,755940,Charlotteside
76,Perry-Alvarado Field,240740,New Christinamouth
77,White Owens and Garrison Stadium,949000,West Clarenceview
78,Dixon PLC Stadium,699740,Melissaland
79,Wright PLC Arena,492030,East Diane
80,Perry Inc Arena,880730,West Justinhaven
81,Carson Walton and Fisher Field,298480,Bernardville
82,Maldonado Reyes and Ashley Park,871620,Port Cynthiamouth
83,Dennis English and Ali Stadium,299060,Port Sean
84,Mcgee Ali and Collins Field,558070,Sanderston
85,Sweeney Mullins and Sullivan Arena,528120,Debrastad
86,Romero Fuentes and Estrada Arena,162820,Carlsonton
87,Wood LLC Stadium,655150,Myersside
88,Pearson-Farley Park,545330,East Rodneyberg
89,Wilson-Chavez Field,345840,Lake Alexis
90,Ellis-Walker Stadium,333820,Kingside
91,Woods-Mcpherson Field,662990,Lake Natashafort
92,Miller-Brewer Stadium,882270,South Robert
93,Lawrence-Snyder Arena,419510,Davidview
94,Anderson LLC Arena,539060,Lake Morgan
95,Long Wilson and Campbell Arena,353470,New Christopherview
96,Clark LLC Stadium,691510,Davismouth
97,Adams Henderson and Miller Stadium,754960,Port Josephbury
98,Bailey PLC Stadium,289620,Martinborough
99,Stanton Porter and Bell Stadium,121020,North Jefferyville
100,Brown and Sons Field,905430,Davidborough
